{
  "version": "7",
  "dialect": "postgresql",
  "entries": [
    {
      "idx": 0,
      "version": "7",
      "when": 1754936877672,
      "tag": "0000_wise_jubilee",
      "breakpoints": true
    },
    {
      "idx": 1,
      "version": "7",
      "when": 1754937554113,
      "tag": "0001_flashy_speed",
      "breakpoints": true
    },
    {
      "idx": 2,
      "version": "7",
      "when": 1755366155119,
      "tag": "0002_freezing_siren",
      "breakpoints": true
    },
    {
      "idx": 3,
      "version": "7",
      "when": 1755806990627,
      "tag": "0003_omniscient_kate_bishop",
      "breakpoints": true
    },
    {
      "idx": 4,
      "version": "7",
      "when": 1756037055242,
      "tag": "0004_icy_rictor",
      "breakpoints": true
    }
  ]
}